<?xml version='1.0' encoding='utf-8'?>

<!DOCTYPE hibernate-configuration PUBLIC
        "-//Hibernate/Hibernate Configuration DTD 3.0//EN"
        "http://www.hibernate.org/dtd/hibernate-configuration-3.0.dtd">

<hibernate-configuration>

	<session-factory>

		<!-- Database connection settings -->
		<property name="connection.driver_class">com.mysql.jdbc.Driver</property>
		<property name="connection.url">jdbc:mysql://localhost:3306/lsadb</property>
		<property name="connection.username">root</property>
		<property name="connection.password"></property>

		<!-- SQL dialect -->
		<property name="dialect">org.hibernate.dialect.MySQL5Dialect</property>

		<!-- Echo all executed SQL to stdout -->
		<property name="show_sql">true</property>

		<!-- Drop and re-create the database schema on startup -->
		<property name="hbm2ddl.auto">update</property>


		<property name="hibernate.c3p0.min_size">5</property>
		<property name="hibernate.c3p0.max_size">20</property>
		<property name="hibernate.c3p0.timeout">300</property>
		<property name="hibernate.c3p0.max_statements">50</property>
		<property name="hibernate.c3p0.idle_test_period">3000</property>

		<!-- Names the annotated entity class -->
		<mapping class="com.loan.online.model.customer.CustomerCredential" />
		<mapping class="com.loan.online.model.customer.CustomerProfile" />
		<mapping class="com.loan.online.model.customer.Address" />
		<mapping class="com.loan.online.model.customer.AccountDetails" />
		<mapping class="com.loan.online.model.customer.GuardianDetails" />
		<mapping class="com.loan.online.model.customer.CustomerNotifications" />
		<mapping class="com.loan.online.model.loanlog.LoanLog" />
		<mapping class="com.loan.online.model.bank.BankCredential" />
		<mapping class="com.loan.online.model.bank.BankProfile" />
		<mapping class="com.loan.online.model.bank.BankNotifications" />

	</session-factory>

</hibernate-configuration>